,chapter_id,is_exercise_bank,syllabus_name,subject_name,chapter_name
0,12,0,Class-1,Mathematics,1.0 - Multiplication Table - 1
1,22,0,Class-1,English,1.0 - Number Words
2,24,0,Class-1,English,1.1 - Vocabulary
3,25,0,Class-1,Mathematics,2.0 - Clock Times
4,28,0,Class-1,English,1.2 - Spelling List 1
5,29,0,Class-1,Hindi,1.0 - Alphabets
6,35,0,Class-1,English,3.0 - What's that noise
7,36,0,Class-1,English,2.2 - Alphabetical Order
8,37,0,Class-1,English,2.0 - Articles
9,38,0,Class-1,English,2.1 - Is Are Am
10,39,0,Class-1,English,2.3 - Nouns
11,40,0,Class-1,English,1.3 - Science Spelling List 1
12,41,0,Class-1,English,1.4 - Spelling List 2
13,42,0,Class-1,Mathematics,3.0 - Missing Numbers
14,43,0,Class-1,Science,1.0 - Looking around us
15,49,0,Class-1,Mathematics,3.1 - Missing Numbers - 2
16,53,0,Class-1,Mathematics,4.0 - Max Min Numbers
17,54,0,Class-1,English,3.1 - Asma's house
18,55,0,Class-1,English,1.5 - Spelling List 3
19,56,0,Class-1,Science,2.0 - Plants around us
20,58,0,Class-1,English,2.4 - Capitalize and fullstop
21,59,0,Class-1,English,1.6 - Science Spelling List 2
22,69,0,Class-1,English,3.2 - A Walk to the river
23,70,0,Class-1,English,1.9 - Spelling List 6
24,71,0,Class-1,English,1.8 - Spelling List 5
25,72,0,Class-1,English,1.7 - Spelling List 4
26,109,0,Class-1,English,1.91 - Science Spelling List 3
27,155,0,Class-1,English,4.1 - Spelling List 7
28,156,0,Class-1,English,4.4 - Spelling List 10
29,157,0,Class-1,English,4.3 - Spelling List 9
30,158,0,Class-1,English,4.2 - Spelling List 8
31,159,0,Class-1,English,6.2 - Articles
32,160,0,Class-1,English,6.1 - Singular plural
33,161,0,Class-1,English,5.1 - Comprehensions
34,162,0,Class-1,Science,4.0 - Animals around us
35,163,0,Class-1,Mathematics,5.0 - Ones Tens
36,164,0,Class-1,Mathematics,6.0 - Before After
37,170,0,Class-1,English,8.1 - Rhyming words
38,171,0,Class-1,English,6.3 - Capital letters and fullstop
39,172,0,Class-1,English,6.4 - Verbs
40,173,0,Class-1,English,6.5 - ing words
41,175,0,Class-1,English,6.0 - In the children's park
42,176,0,Class-1,Science,5.0 - Food and homes of animals
43,177,0,Class-1,English,7.0 - Tulips
44,178,0,Class-1,English,7.1 - Keep the beach clean
45,181,0,Class-1,English,4.5 - Spelling List 11
46,184,0,Class-1,Mathematics,7.0 - Mental Maths
47,211,0,Class-1,English,8.0 - Little Boy and Little Cat
48,212,0,Class-1,English,8.2 - Opposites
49,422,0,Class-2,English,1.0 - Partho the park-keeper (words)
50,423,0,Class-2,English,1.1 - Partho the park-keeper (qa)
51,425,0,Class-2,Science,1.1 - Plants (qa)
52,426,0,Class-2,Science,1.0 - Plants (words)
53,456,0,Class-2,English Grammar,1.0 - chapter -1
54,457,0,Class-2,EVS,1.1 - My Body (qa)
55,458,0,Class-2,EVS,1.0 - My Body (words)
56,488,0,Class-2,English,2.1 - The old rabbit (qa)
57,489,0,Class-2,English,2.0 - The old rabbit (words)
58,490,0,Class-2,EVS,2.1 - My Family (qa)
59,491,0,Class-2,EVS,2.0 - My Family (words)
60,492,0,Class-2,Science,2.1 - We need Plants (qa)
61,493,0,Class-2,Science,2.0 - We need Plants (words)
62,495,0,Class-2,EVS,6.0 - Time to celebrate (words)
63,510,0,Class-2,EVS,6.1 - Time to celebrate (qa)
64,515,0,Class-2,English Poems,1.0 - There are big waves(words)
65,516,0,Class-2,English,3.0 - Randolph the reindeer(words)
66,517,0,Class-2,English,3.1 - Randolph the reindeer(qa)
67,534,0,Class-2,Hindi,1.0 - Matra words
68,535,0,Class-2,Science,7.1 - Housing and clothing(qa)
69,536,0,Class-2,Science,7.0 - Housing and clothing (words)
70,544,0,Class-2,EVS,7.1 - Places of Worship(qa)
71,545,0,Class-2,EVS,7.0 - Places of Worship(words)
72,549,0,Class-2,English Poems,2.0 - Our Classroom (words)
73,550,0,Class-2,English Poems,2.1 - Our Classroom (qa)
74,796,0,Class-2,EVS,13.0 - Comm and Transport
75,797,0,Class-2,EVS,14.0 - Directions and Maps
76,798,0,Class-2,EVS,19.0 - Our Universe
77,799,0,Class-2,EVS,20.0 - Our Earth
78,800,0,Class-2,EVS,5.0 - My Neighbourhood
79,801,0,Class-2,Science,10.0 - Water
80,802,0,Class-2,Science,"12.0 - The Sun, Moon and Shadows"
81,803,0,Class-2,Science,11.0 - Water Cycle
82,804,0,Class-2,English,10.0 - The Golden Windows(qa)
83,805,0,Class-2,English,12.0 - The Cart Driver(qa)
84,806,0,Class-2,English,8.0 - The Friendly Dragon
85,809,0,Class-2,Science,6.0 - Food for health
86,810,0,Class-2,Science,5.0 - Bones and Muscles
87,812,0,Class-2,English Poems,3.0 - The Sun
88,813,0,Class-2,English Poems,4.0 - Have you seen a Cuckoo bird
89,814,0,Class-2,English Poems,1.1 - There are big waves(qa)
90,815,0,Class-2,English,11.0 - The Lost Gull (qa)
91,928,0,Class-3,English Lit - Stories,2.1 - Hundreds and Hundreds of Wags (qa)
92,929,0,Class-3,English Lit - Stories,2.0 - Hundreds and Hundreds of Wags (text)
93,930,1,Class-3,Mathematics,1.1 - Place Value
94,931,0,Class-3,English Lit - Poems,1.1 - A Frog In A Well (lines)
95,932,0,Class-3,English Lit - Poems,1.0 - A Frog In A Well (text)
96,967,0,Class-3,History,1.0 - Sources of history (qa)
97,968,0,Class-3,English Lit - Stories,1.0 - Padmini the Princess (text)
98,969,0,Class-3,Science,1.0 - Eating habits of animals(qa)
99,970,0,Class-3,Geography,1.0 - Directions(qa)
100,971,0,Class-3,English Lit - Stories,1.1 - Padmini the Princess (wm)
101,972,0,Class-3,English Lit - Stories,1.2 - Padmini the Princess (qa)
102,973,0,Class-3,English Lit - Stories,1.3 - Padmini the Princess (sb)
103,987,0,Class-3,Geography,2.0 - Looking into space
104,1001,0,Class-3,Science,4.0 - Soil (qa)
105,1002,0,Class-3,English Lit - Poems,1.2 - A Frog In A Well (qa)
106,1006,0,Class-3,Geography,3.0 - Our Earth - The Watery planet
107,1025,0,Class-3,Science,14.0 - Our Earth (qa)
108,1026,0,Class-3,History,2.0 - Understanding CE and BCE (qa)
109,1028,0,Class-3,History,10.0 - Being a good neighbour(qa)
110,1029,0,Class-3,English Lit - Stories,3.1 - Safe Again (wm)
111,1030,0,Class-3,English Lit - Stories,3.0 - Safe Again (qa)
112,1067,0,Class-3,Science,"5.0 - Solids,Liquids and Gases(qa)"
113,1068,0,Class-3,Geography,7.0 - Major landforms of earth(qa)
114,1069,0,Class-3,English Lit - Stories,4.0 - A Wonderful Gift (text)
115,1074,0,Class-3,Geography,8.0 - Water bodies on earth
116,1075,0,Class-3,History,3.0 - A wandering life (qa)
117,1159,0,Class-4,Geography,1.0 - Our Country - India (text)
118,1160,0,Class-4,Science,1.0 - Food we eat (text)
119,1161,0,Class-4,Science,1.1 - Food we eat (qa)
120,1162,1,Class-4,Mathematics,1.1 - Large Numbers (ex-Examples)
121,1163,1,Class-4,Mathematics,1.3 - Large Numbers (ex-1B)
122,1164,1,Class-4,Mathematics,1.2 - Large Numbers (ex-1A)
123,1165,1,Class-4,Mathematics,1.5 - Large Numbers (ex-1D)
124,1166,1,Class-4,Mathematics,1.4 - Large Numbers (ex-1C)
125,1167,0,Class-4,History,1.1 - Learning about history (qa)
126,1168,0,Class-4,History,1.0 - Learning about history (text)
127,1171,0,Class-4,Mathematics,1.6 - Large Numbers (qa)
128,1172,0,Class-4,Science,2.1 - The Teeth (qa)
129,1174,0,Class-4,Hindi,8.0 - Guru nanak (text)
130,1175,0,Class-4,Literature,1.0 - An Adventure at Night (text)
131,1176,0,Class-4,Hindi,8.1 - Guru nanak (qa)
132,1178,0,Class-4,Science,4.1 - Plants in the surroundings (qa)
133,1179,0,Class-4,Literature,1.1 - An Adventure at Night (qa)
134,1180,0,Class-4,Geography,1.1 - Our Country - India (qa)
135,1181,0,Class-4,Geography,1.2 - Our Country - State Capital (qa)
136,1182,0,Class-4,Literature,3.1 - The Kitten at Play (lines)
137,1183,0,Class-4,Literature,3.2 - The Kitten at Play (wm)
138,1184,0,Class-4,Hindi,2.0 - Vani ki visheshta (text)
139,1185,0,Class-4,Literature,3.3 - The Kitten at Play (qa)
140,1186,0,Class-4,History,2.0 - The Gupta Empire (text)
141,1187,0,Class-4,Hindi,2.1 - Vani ki visheshta (qa)
142,1188,0,Class-4,Science,5.1 - Adaptation in plants (cn)
143,1189,0,Class-4,History,2.1 - The Gupta Empire (cn)
144,1190,0,Class-4,Literature,2.2 - The Parrot who wouldnt talk (wm)
145,1191,0,Class-4,Literature,2.1 - The Parrot who wouldnt talk (cn)
146,1192,0,Class-4,History,2.2 - The Gupta Empire (qa)
147,1193,0,Class-4,Hindi,2.2 - Vani ki visheshta (wm)
148,1194,0,Class-4,Mathematics,3.1 - Multiplication Tables
149,1195,1,Class-4,Mathematics,2.6 - Addition and Subtraction (ex-2F)
150,1196,1,Class-4,Mathematics,2.1 - Addition and Subtraction (ex-2A)
151,1197,1,Class-4,Mathematics,2.3 - Addition and Subtraction (ex-2C)
152,1198,1,Class-4,Mathematics,2.4 - Addition and Subtraction (ex-2D)
153,1199,1,Class-4,Mathematics,2.5 - Addition and Subtraction (ex-2E)
154,1200,1,Class-4,Mathematics,2.2 - Addition and Subtraction (ex-2B)
155,1201,0,Class-4,Literature,2.3 - The Parrot who wouldnt talk (grammar)
156,1202,0,Class-4,Science,5.2 - Adaptation in plants (qa)
157,1203,0,Class-4,Geography,1.3 - Our Country - Maps
158,1204,0,Class-4,Literature,2.4 - The Parrot who wouldnt talk (qa)
159,1205,0,Class-4,Science,8.1 - Materials and Solutions (qa)
160,1206,0,Class-4,Geography,2.1 - Climate of India (qa)
161,1207,0,Class-4,Civics,12.1 - National emblems (qa)
162,1208,0,Class-4,Hindi,4.1 - Saccha prayaschit (qa)
163,1209,0,Class-4,Hindi,4.2 - Saccha prayaschit (wm)
164,1210,0,Class-4,Literature,10.1 - First Day at School (cn)
165,1211,0,Class-4,Literature,10.2 - First Day at School (wm)
166,1213,0,Class-5,Civics,1.1 - Governing our Nation (qa)
167,1214,0,Class-5,History,1.0 - The Industrial Revolution (text)
168,1215,0,Class-5,History,1.1 - The Industrial Revolution (qa)
169,1216,0,Class-5,Science,1.1 - The Circulatory System (qa)
170,1217,0,Class-5,History,2.1 - Inventions of the Industrial Revolution (qa)
171,1218,0,Class-5,History,2.0 - Inventions of the Industrial Revolution (text)
172,1219,0,Class-5,Science,1.0 - The Circulatory System (text)
173,1220,0,Class-5,English,1.1 - Chameleon named Henry (qa)
174,1221,0,Class-5,English,1.0 - Chameleon named Henry (text)
175,1222,0,Class-5,Reader - Oliver Twist,1.1 - Hungry (qa)
176,1223,0,Class-5,Reader - Oliver Twist,1.0 - Hungry (text)
177,1224,0,Class-5,English,2.1 - Pandora and Hope Fairy (qa)
178,1225,0,Class-5,English,2.2 - Pandoras Box (text)
179,1226,0,Class-5,English,2.0 - Pandora and Hope Fairy (text)
180,1227,0,Class-5,Mathematics,12.1 - Geometry (qa)
181,1228,1,Class-5,Mathematics,12.2 - Geometry (ex) recap
182,1229,0,Class-5,Mathematics,12.0 - Geometry (text)
183,1230,1,Class-5,Mathematics,12.3 - Geometry (ex) Ex12.1
184,1231,1,Class-5,Mathematics,12.5 - Geometry (ex-Rev)
185,1232,1,Class-5,Mathematics,12.4 - Geometry (ex-12.2)
186,1233,0,Class-5,Reader - Oliver Twist,2.1 - Fagin takes Oliver in (qa)
187,1236,1,Class-5,Mathematics,13.6 - Perimeter and Area (ex-Rev)
188,1237,1,Class-5,Mathematics,13.4 - Perimeter and Area (ex-13.2)
189,1238,0,Class-5,Mathematics,13.1 - Perimeter and Area (qa)
190,1239,1,Class-5,Mathematics,13.2 - Perimeter and Area (ex-Examples)
191,1240,1,Class-5,Mathematics,13.5 - Perimeter and Area (ex-13.3)
192,1241,1,Class-5,Mathematics,13.3 - Perimeter and Area (ex-13.1)
193,1242,0,Class-5,Geography,2.2 - Wet Wealth (map)
194,1243,0,Class-5,Geography,2.1 - Wet Wealth (qa)
195,1244,0,Class-5,English,13.2 - Snow (fib)
196,1245,0,Class-5,English,13.1 - Snow (qa)
197,1247,0,Class-5,Science,3.1 - Food and Health (qa)
198,1248,0,Class-5,Hindi,2.0 - Makdi ka Jala (text)
199,1249,0,Class-5,Hindi,2.1 - Makdi ka Jala (qa)
200,1250,0,Class-5,Mathematics,1.1 - Large Numbers (qa)
201,1251,1,Class-5,Mathematics,1.2 - Large Numbers (ex-1.1)
202,1252,1,Class-5,Mathematics,1.3 - Large Numbers (ex-Recap)
203,1253,0,Class-5,Geography,1.1 - More about maps (qa)
204,1254,1,Class-5,Mathematics,1.5 - Large Numbers (ex-1.3)
205,1255,1,Class-5,Mathematics,1.4 - Large Numbers (ex-1.2)
206,1256,1,Class-5,Mathematics,1.6 - Large Numbers (ex-Rev)
207,1257,0,Class-5,English Grammar,4.1 - Subject and Predicate (qa)
208,1258,1,Class-5,Mathematics,2.4 - Addition Subtraction (ex-2.3)
209,1259,1,Class-5,Mathematics,2.5 - Addition Subtraction (ex-2.4)
210,1260,1,Class-5,Mathematics,2.2 - Addition Subtraction (ex-2.1)
211,1261,1,Class-5,Mathematics,2.3 - Addition Subtraction (ex-2.2)
212,1262,1,Class-5,Mathematics,2.6 - Addition Subtraction (ex-Rev)
213,1263,0,Class-5,Hindi,4.0 - धोबी का कुत्ता (text)
214,1264,0,Class-5,Hindi,4.1 - धोबी का कुत्ता (qa)
215,1265,0,Class-5,Science,11.1 - Simple Machines (qa)
216,1266,0,Class-5,Science,11.0 - Simple Machines (text)
217,1270,0,Class-5,Mathematics,3.1 - Multiplication Division (qa)
218,1271,1,Class-5,Mathematics,3.2 - Multiplication Division (ex-3.1)
219,1272,1,Class-5,Mathematics,3.3 - Multiplication Division (ex-Recap)
220,1273,0,Class-5,Hindi,4.2 - धोबी का कुत्ता (grammar)
221,1274,0,Class-5,English Grammar,2.1 - The Sentence (qa)
222,1275,0,Class-5,Geography,3.1 - Precious soil (qa)
223,1276,0,Class-5,English,3.1 - Native Wisdom (qa)
224,1277,0,Class-5,Marathi,99.28 - Basics - Adjectives List
225,1278,0,Class-5,Marathi,99.17 - Basics - Food Items
226,1279,0,Class-5,Marathi,99.24 - Basics - Marathi Numbers
227,1280,0,Class-5,Marathi,99.6 - Basics - Nouns
228,1281,0,Class-5,Marathi,99.9 - Basics - Gender
229,1282,0,Class-5,Marathi,99.1 - Basics - Vocabulary
230,1283,0,Class-5,Marathi,99.10 - Basics - Marathi Prepositions
231,1284,0,Class-5,Marathi,99.39 - Basics - Adjectives
232,1285,0,Class-5,Marathi,99.2 - Basics - List of Animals
233,1286,0,Class-5,Hindi,3.1 - दुनिया सबकी (qa)
234,1287,0,Class-5,Hindi,3.2 - दुनिया सबकी (fib)
235,1288,0,Class-5,Marathi,2.3 - Paryancha Rajyachi Sahal (trans)
236,1289,0,Class-5,Marathi,2.1 - Paryancha Rajyachi Sahal (qa)
237,1290,0,Class-5,Marathi,2.2 - Paryancha Rajyachi Sahal (wm)
238,1291,0,Class-5,Marathi,2.0 - Paryancha Rajyachi Sahal (text)
239,1292,0,Class-5,Reader - Oliver Twist,3.1 - Kidnapped (qa)
240,1294,0,Class-5,English,4.1 - Don Quixote and the Windmills (qa)
241,1295,0,Class-5,Geography,4.1 - Buried Treasure (qa)
242,1296,0,Class-5,English Grammar,7.1 - Kinds of Nouns (qa)
243,1297,0,Class-5,English Grammar,10.1 - Noun - Number (qa)
244,1298,0,Class-5,English Grammar,10.2 - Noun - Collective
245,1299,0,Class-5,English Grammar,11.1 - Noun - Gender (qa)
246,1302,0,Class-5,Science,2.1 - The Skeletal System (qa)
247,1303,0,Class-5,Geography,5.1 - The Green Earth (qa)
248,1304,1,Class-5,Mathematics,3.4 - Multiplication Division (ex-3.2)
249,1305,1,Class-5,Mathematics,3.8 - Multiplication Division (ex-Rev)
250,1306,1,Class-5,Mathematics,3.5 - Multiplication Division (ex-3.3)
251,1307,1,Class-5,Mathematics,3.7 - Multiplication Division (ex-3.5)
252,1308,1,Class-5,Mathematics,3.6 - Multiplication Division (ex-3.4)
253,1309,0,Class-5,Hindi,5.2 - बच्चों की कचहरी (obj)
254,1310,0,Class-5,English,5.2 - The Capturing of the Iron Man (obj)
255,1311,0,Class-5,History,3.1 - From Traders to Rulers (qa)
256,1312,1,Class-5,Mathematics,4.3 - Negative Numbers (ex-4.2)
257,1313,1,Class-5,Mathematics,4.4 - Negative Numbers (ex-Worksheet2)
258,1314,1,Class-5,Mathematics,4.2 - Negative Numbers (ex-4.1)
259,1315,0,Class-5,Hindi,5.1 - बच्चों की कचहरी (qa)
260,1316,0,Class-5,English,6.1 - The Letter Box (qa)
261,1317,0,Class-5,Geography,6.1 - Creatures Great and Small (qa)
262,1318,0,Class-5,Science,9.1 - Work and Energy (qa)
263,1319,1,Class-5,Mathematics,5.6 - Multiples and Factors (ex-Rev)
264,1320,1,Class-5,Mathematics,5.2 - Multiples and Factors (ex-5.1)
265,1321,1,Class-5,Mathematics,5.4 - Multiples and Factors (ex-5.3)
266,1322,1,Class-5,Mathematics,5.5 - Multiples and Factors (ex-Recap)
267,1323,1,Class-5,Mathematics,5.3 - Multiples and Factors (ex-5.2)
268,1324,0,Class-5,Geography,7.1 - The People (qa)
269,1325,0,Class-5,Geography,7.0 - The People (text)
270,1326,0,Class-5,Geography,1.0 - More about maps (text)
271,1327,0,Class-5,Geography,3.0 - Precious soil (text)
272,1328,0,Class-5,Hindi,7.0 - Bharat ki Pramukh Nadiyan (text)
273,1329,0,Class-5,Hindi,7.1 - भारत की प्रमुख नदियाँ (qa)
274,1330,0,Class-5,English,19.0 - Spider and Fly (fib)
275,1331,0,Class-5,English,6.0 - The Letter Box (text)
276,1332,0,Class-5,English,7.0 - The Father of Plastic Surgery (text)
277,1333,0,Class-5,Science,7.1 - Interdependence in Living Beings (qa)
278,1334,0,Class-5,English,7.1 - The Father of Plastic Surgery (qa)
279,1335,0,Class-5,Hindi,6.0 - Kabad se Kamaal (text)
280,1336,0,Class-5,Hindi,20.1 - Vocab (match)
281,1337,0,Class-5,Hindi,20.0 - Vocab (qa)
282,1338,0,Class-5,Civics,2.0 - Managing our local Communities (text)
283,1339,0,Class-5,Civics,2.1 - Managing our local Communities (qa)
284,1340,0,Class-5,History,"4.1 - Liberty, Equality and Fraternity (qa)"
285,1341,0,Class-5,Hindi,8.1 - लड़की किताब नफरत (qa)
286,1342,0,Class-5,Hindi,8.2 - लड़की किताब नफरत (vocab-wm)
287,1343,0,Class-5,Hindi,8.0 - Ladki Kitab Nafrat (text)
288,1344,0,Class-5,Hindi,8.3 - लड़की किताब नफरत (vocab-match)
289,1345,0,Class-5,History,6.1 - The World Wars (qa)
290,1347,0,Class-6,Biology,3.1 - Cell (qa)
291,1348,0,Class-6,Physics,6.1 - Magnetism (qa)
292,1349,0,Class-6,History,8.1 - Jainism and Buddhism (qa)
293,1350,0,Class-6,English,13.2 - Poem - The inchcape rock (lines)
294,1351,0,Class-6,English,13.1 - Poem - The inchcape rock (qa)
295,1352,0,Class-6,Geography,2.1 - Major landforms (qa)
296,1353,0,Class-6,Biology,4.1 - Digestive system (qa)
297,1354,0,Class-6,English,13.3 - Poem - The inchcape rock (wm)
298,1355,0,Class-6,History,10.1 - The mauryan empire (qa)
299,1356,0,Class-6,Civics,14.1 - Urban local self government (qa)
300,1357,0,Class-6,Geography,1.1 - Representation of geographical features (qa)
301,1358,0,Class-6,English,8.1 - An escape (diction)
302,1359,0,Class-6,English,8.2 - An escape (qa)
303,1360,0,Class-6,English,8.0 - An escape (comics)
304,1361,0,Class-6,English,8.3 - An escape (wm)
305,1362,0,Class-6,English,16.1 - Poem - Frog (lines)
306,1363,0,Class-6,History,7.1 - Later Vedic Age (qa)
307,1364,0,Class-6,History,11.1 - The gupta empire (qa)
308,1365,0,Class-6,Chemistry,5.1 - Pure substances and mixtures (qa)
309,1366,0,Class-6,Geography,6.1 - North America (qa)
310,1367,0,Class-6,Biology,1.1 - Leaf (qa)
311,1368,0,Class-6,Geography,8.1 - South America (qa)
312,1369,0,Class-6,Physics,5.1 - Light (qa)
313,1370,0,Class-6,English,16.2 - Poem - Frog (qa)
314,1371,0,Class-6,English,16.3 - Poem - Frog (wm)
315,1372,0,Class-6,Geography,5.1 - Minerals (qa)
316,1373,0,Class-7,Biology,1.1 - Plant and Animal tissues (qa)
317,1374,1,Class-7,Mathematics,1.2 - Integers (ex-ExA)
318,1375,0,Class-7,History,1.1 - The medieval world (qa)
319,1376,0,Class-7,English,1.2 - My donkey Sally (wm)
320,1377,0,Class-7,English,1.1 - My donkey Sally (qa)
321,1378,0,Class-7,Chemistry,1.1 - Matter (qa)
322,1379,0,Class-7,Hindi,2.4 - Kakadiya (v2t)
323,1380,0,Class-7,Hindi,2.3 - Kakadiya (dw)
324,1381,0,Class-7,Hindi,2.2 - Kakadiya (wm)
325,1382,0,Class-7,Hindi,2.1 - Kakadiya (qa)
326,1383,0,Class-7,Physics,3.1 - Energy (qa)
327,1384,0,Class-7,Geography,9.1 - Africa (qa)
328,1385,0,Class-7,History,2.1 - Christianity in Europe (qa)
329,1386,0,Class-7,English,2.2 - Swami and the sum (wm)
330,1387,0,Class-7,English,2.1 - Swami and the sum (qa)
331,1388,0,Class-7,Hindi,3.0 - Chota Jagugar (text)
332,1389,0,Class-7,English,2.0 - Swami and the sum (text)
333,1390,0,Class-7,Civics,13.1 - The constitution of India (qa)
334,1391,0,Class-7,Physics,5.1 - Heat (qa)
335,1392,0,Class-7,Chemistry,2.1 - Physical and chemical changes (qa)
336,1393,0,Class-7,Geography,10.1 - Cocoa cultivation in Ghana (qa)
337,1394,0,Class-7,Biology,2.1 - Classification of plants (qa)
338,1395,0,Class-7,English,15.1 - Poem - Ozymandias (qa)
339,1396,0,Class-7,English,15.2 - Poem - Ozymandias (lines)
340,1397,1,Class-7,Mathematics,2.3 - Rational Numbers (ex-ExB)
341,1398,1,Class-7,Mathematics,2.5 - Rational Numbers (ex-ExD)
342,1399,1,Class-7,Mathematics,2.6 - Rational Numbers (ex-ExE)
343,1400,1,Class-7,Mathematics,2.4 - Rational Numbers (ex-ExC)
344,1401,1,Class-7,Mathematics,2.2 - Rational Numbers (ex-ExA)
345,1402,1,Class-7,Mathematics,4.6 - Decimal Fractions (ex-ExE)
346,1403,1,Class-7,Mathematics,4.3 - Decimal Fractions (ex-ExB)
347,1404,1,Class-7,Mathematics,4.7 - Decimal Fractions (ex-ExF)
348,1405,0,Class-7,Mathematics,4.1 - Decimal Fractions (qa)
349,1406,1,Class-7,Mathematics,4.2 - Decimal Fractions (ex-ExA)
350,1407,1,Class-7,Mathematics,4.5 - Decimal Fractions (ex-ExD)
351,1408,1,Class-7,Mathematics,4.4 - Decimal Fractions (ex-ExC)
352,1409,1,Class-7,Mathematics,1.4 - Integers (ex-ExC)
353,1410,1,Class-7,Mathematics,1.3 - Integers (ex-ExB)
354,1411,1,Class-7,Mathematics,1.5 - Integers (ex-ExD)
355,1412,1,Class-7,Mathematics,3.6 - Fractions (ex-ExE)
356,1413,1,Class-7,Mathematics,3.4 - Fractions (ex-ExC)
357,1414,1,Class-7,Mathematics,3.5 - Fractions (ex-ExD)
358,1415,1,Class-7,Mathematics,3.3 - Fractions (ex-ExB)
359,1416,1,Class-7,Mathematics,3.2 - Fractions (ex-ExA)
360,1417,0,Class-7,Hindi,4.0 - Yatra ek anokhe pakshidweep ki (text)
361,1418,0,Class-7,History,4.1 - Turkish invasion (qa)
362,1419,0,Class-7,English,3.1 - The three musketeers (qa)
363,1420,0,Class-7,Biology,3.1 - Classification of animals (qa)
364,1421,0,Class-7,Chemistry,4.1 - Atomic Structure (qa)
365,1422,0,Class-7,Hindi,4.1 - Yatra ek anokhe pakshidweep ki (qa)
366,1423,0,Class-7,Geography,11.1 - Australia (qa)
367,1424,0,Class-7,Chemistry,4.2 - Atomic Structure (radicals)
368,1425,0,Class-7,Geography,11.2 - Australia (map)
369,1426,1,Class-7,Mathematics,5.3 - Exponents (ex-ExB)
370,1427,1,Class-7,Mathematics,5.2 - Exponents (ex-ExA)
371,1428,0,Class-7,Chemistry,4.3 - Atomic Structure (symbols)
372,1429,0,Class-7,Mathematics,5.1 - Exponents (qa)
373,1430,1,Class-7,Mathematics,7.3 - Unitary Method (ex-ExB)
374,1431,1,Class-7,Mathematics,7.4 - Unitary Method (ex-ExC)
375,1432,1,Class-7,Mathematics,7.2 - Unitary Method (ex-ExA)
376,1433,1,Class-7,Mathematics,6.2 - Ratio and Proportion (ex-ExA)
377,1434,1,Class-7,Mathematics,6.3 - Ratio and Proportion (ex-ExB)
378,1435,0,Class-7,Chemistry,4.4 - Atomic Structure (valency)
379,1436,0,Class-7,Hindi,7.0 - Ek Phool (text)
380,1437,0,Class-7,Chemistry,4.5 - Atomic Structure (compounds)
381,1438,0,Class-7,Biology,4.1 - Photosynthesis and respiration (qa)
382,1439,0,Class-7,English,14.1 - Poem - Television (qa)
383,1440,0,Class-7,English,14.2 - Poem - Television (lines)
384,1441,0,Class-7,History,3.1 - Islam and its impact (qa)
385,1442,0,Class-7,Geography,12.1 - Sheep rearing in Australia (qa)
386,1443,0,Class-7,Hindi Grammar,502.1 - Visheshan
387,1444,0,Class-7,Hindi Grammar,509.1 - Paryayvachi
388,1445,0,Class-7,Hindi Grammar,511.1 - Muhavare
389,1446,0,Class-7,Hindi Grammar,501.1 - Bhavvachak Sangya
390,1447,0,Class-7,Hindi Grammar,503.1 - Vilom
391,1448,0,Class-7,Physics,2.1 - Motion (qa)
392,1449,0,Class-7,English,20.1 - Jason Argonauts (qa)
393,1450,0,Class-7,English,4.2 - Arati Saha (wm)
394,1451,0,Class-7,English,4.1 - Arati Saha (qa)
395,1452,0,Class-7,Geography,9.2 - Africa (map)
396,1453,0,Class-7,History,5.1 - Delhi sultanate (qa)
397,1454,0,Class-7,Geography,1.1 - Representation of geographical features (qa)
398,1455,0,Class-7,Hindi,8.0 - Safalta ki triveni (text)
399,1456,0,Class-7,History,5.0 - Delhi sultanate (text)
400,1457,0,Class-7,English,7.0 - Pip and the convict (text)
401,1458,0,Class-7,English,7.1 - Pip and the convict (qa)
402,1459,1,Class-7,Mathematics,8.4 - Percent and Percentage (ex-ExC)
403,1460,1,Class-7,Mathematics,8.3 - Percent and Percentage (ex-ExB)
404,1461,1,Class-7,Mathematics,8.2 - Percent and Percentage (ex-ExA)
405,1462,1,Class-7,Mathematics,8.5 - Percent and Percentage (ex-ExD)
406,1463,0,Class-7,Geography,1.2 - Representation of geographical features (cs)
407,1464,0,Class-7,Hindi Grammar,509.2 - Paryayvachi (26-40)
408,1465,0,Class-7,Hindi Grammar,503.2 - Vilom (26-40)
409,1466,0,Class-7,Hindi Grammar,502.2 - Visheshan (26-40)
410,1467,0,Class-7,Hindi Grammar,501.2 - Bhavvachak Sangya (26-40)
411,1468,0,Class-7,Hindi Grammar,509.3 - Paryayvachi (26-40) qa
412,1469,0,Class-7,Chemistry,5.1 - Language of Chemistry (qa)
413,1470,0,Class-7,Biology,5.0 - Excretion in humans (text)
414,1471,0,Class-7,Biology,5.1 - Excretion in humans (qa)
415,1472,1,Class-7,Mathematics,11.7 - Algebra - Fundamentals (ex-ExF)
416,1473,1,Class-7,Mathematics,11.3 - Algebra - Fundamentals (ex-ExB)
417,1474,1,Class-7,Mathematics,11.2 - Algebra - Fundamentals (ex-ExA)
418,1475,1,Class-7,Mathematics,11.5 - Algebra - Fundamentals (ex-ExD)
419,1476,0,Class-7,Mathematics,11.1 - Algebra - Fundamentals (qa)
420,1477,1,Class-7,Mathematics,11.6 - Algebra - Fundamentals (ex-ExE)
421,1478,1,Class-7,Mathematics,11.4 - Algebra - Fundamentals (ex-ExC)
422,1479,1,Class-7,Physics,2.2 - Motion (ex)
423,1480,0,Class-7,Hindi,8.2 - Safalta ki triveni (wm)
424,1481,0,Class-7,Hindi,8.1 - Safalta ki triveni (qa)
425,1482,1,Class-7,Mathematics,12.4 - Simple Linear Equations (ex-ExC)
426,1483,1,Class-7,Mathematics,12.5 - Simple Linear Equations (ex-ExD)
427,1484,1,Class-7,Mathematics,12.2 - Simple Linear Equations (ex-ExA)
428,1485,1,Class-7,Mathematics,12.3 - Simple Linear Equations (ex-ExB)
429,1486,1,Class-7,Mathematics,"9.3 - Profit, Loss and Discount (ex-ExB)"
430,1487,1,Class-7,Mathematics,"9.4 - Profit, Loss and Discount (ex-ExC)"
431,1488,1,Class-7,Mathematics,"9.2 - Profit, Loss and Discount (ex-ExA)"
432,1489,0,Class-7,Chemistry,5.2 - Language of Chemistry (compounds)
433,1490,0,Class-7,Chemistry,5.3 - Language of Chemistry (ce)
434,1491,1,Class-7,Geography,1.3 - Representation of geographical features (ex)
435,1492,0,Class-7,English,18.1 - Poem - In the bazars of hyderabad (qa)
436,1493,0,Class-7,English,18.2 - Poem - In the bazars of hyderabad (lines)
437,1494,0,Class-7,English,18.0 - Poem - In the bazars of hyderabad (text)
438,1495,0,Class-7,English,5.1 - A shot in the dark (qa)
439,1496,0,Class-7,English,5.2 - A shot in the dark (wm)
440,1497,0,Class-7,Physics,1.1 - Physical quantities and measurement (qa)
441,1498,0,Class-7,Mathematics,"9.1 - Profit, Loss and Discount (qa)"
442,1499,0,Class-7,Civics,14.1 - The directive principles of state policy (qa)
443,1500,0,Class-7,Geography,2.1 - Atmosphere (qa)
444,1501,0,Class-7,Biology,6.1 - Nervous system (qa)
445,1502,0,Class-7,Physics,6.1 - Sound (qa)
446,1503,1,Class-7,Mathematics,10.2 - Simple Interest (ex-ExA)
447,1504,0,Class-7,Hindi,10.2 - Pariksha (wm)
448,1505,0,Class-7,Hindi,10.1 - Pariksha (qa)
449,1506,1,Class-7,Physics,1.2 - Physical quantities and measurement (ex)
450,1507,1,Class-7,Mathematics,17.2 - Symmetry (ex-ExA)
451,1508,1,Class-7,Mathematics,17.4 - Symmetry (ex-ExC)
452,1509,1,Class-7,Mathematics,17.3 - Symmetry (ex-ExB)
453,1510,0,Class-7,History,8.1 - Mughal India (qa)
454,1511,1,Class-7,Physics,6.2 - Sound (ex)
455,1512,0,Class-7,English,17.0 - Poem - Count that day lost (text)
456,1513,0,Class-7,English,17.1 - Poem - Count that day lost (qa)
457,1514,0,Class-7,English,17.2 - Poem - Count that day lost (lines)
458,1515,0,Class-7,Chemistry,6.1 - Metals and Non-Metals (qa)
459,1516,0,Class-7,English,21.1 - Daedalus (qa)
460,1517,0,Class-7,Hindi Grammar,502.3 - Visheshan (sut)
461,1518,0,Class-7,Hindi Grammar,509.4 - Paryayvachi (sut)
462,1519,0,Class-7,Hindi Grammar,509.5 - Paryayvachi (sut) qa
463,1520,0,Class-7,Hindi Grammar,511.2 - Muhavare (sut)
464,1521,0,Class-7,Hindi Grammar,501.3 - Bhavvachak Sangya (sut)
465,1522,0,Class-7,Hindi Grammar,503.3 - Vilom (sut)
466,1523,0,Class-7,English,8.1 - A swat village (qa)
467,1524,0,Class-7,English Grammar,19.1 - Direct and indirect speech (qa)
468,1525,0,Class-7,Hindi,11.2 - Poem - Bacche kaam par ja rahe hai (lines)
469,1526,0,Class-7,English Grammar,20.1 - Transformation of sentences (qa)
470,1527,0,Class-7,English Grammar,13.1 - Active and passive voice (qa)
471,1528,0,Class-7,English Grammar,15.1 - Prepositions (qa)
472,1529,0,Class-7,History,9.1 - Akhar (qa)
473,1530,1,Class-7,Mathematics,13.3 - Set Concepts (ex-ExB)
474,1531,1,Class-7,Mathematics,13.5 - Set Concepts (ex-ExD)
475,1532,1,Class-7,Mathematics,13.4 - Set Concepts (ex-ExC)
476,1533,1,Class-7,Mathematics,13.2 - Set Concepts (ex-ExA)
477,1534,0,Class-8,English,3.1 - The Vulture and Great Spirit (qa)
478,1535,0,Class-8,Chemistry,1.1 - Matter (qa)
479,1536,0,Class-8,English,10.2 - Poem - The Road Not Taken (analysis)
480,1537,0,Class-8,English,10.0 - Poem - The Road Not Taken (text)
481,1538,0,Class-8,English,10.3 - Poem - The Road Not Taken (lines)
482,1539,0,Class-8,English,10.1 - Poem - The Road Not Taken (qa)
483,1540,0,Class-8,English,3.0 - The Vulture and Great Spirit (text)
484,1541,1,Class-8,Mathematics,2.3 - Exponents (ex-ExB)
485,1542,1,Class-8,Mathematics,2.2 - Exponents (ex-ExA)
486,1543,1,Class-8,Mathematics,5.3 - Playing with Numbers (ExB)
487,1544,1,Class-8,Mathematics,5.2 - Playing with Numbers (ExA)
488,1545,1,Class-8,Mathematics,5.4 - Playing with Numbers (ExC)
489,1546,1,Class-8,Mathematics,5.5 - Playing with Numbers (ExD)
490,1547,1,Class-8,Mathematics,9.2 - Interest (ExA)
491,1548,1,Class-8,Mathematics,9.3 - Interest (ExB)
492,1549,1,Class-8,Mathematics,9.4 - Interest (ExC)
493,1550,1,Class-8,Mathematics,1.2 - Rational Numbers (ExA)
494,1551,1,Class-8,Mathematics,1.4 - Rational Numbers (ExC)
495,1552,1,Class-8,Mathematics,1.5 - Rational Numbers (ExD)
496,1553,1,Class-8,Mathematics,1.3 - Rational Numbers (ExB)
497,1554,1,Class-8,Mathematics,1.6 - Rational Numbers (ExE)
498,1555,1,Class-8,Mathematics,4.2 - Cubes and Cube Roots (ExA)
499,1556,1,Class-8,Mathematics,4.3 - Cubes and Cube Roots (ExB)
500,1557,1,Class-8,Mathematics,10.5 - Direct and Inverse Variations (ExD)
501,1558,1,Class-8,Mathematics,10.3 - Direct and Inverse Variations (ExB)
502,1559,1,Class-8,Mathematics,10.2 - Direct and Inverse Variations (ExA)
503,1560,1,Class-8,Mathematics,10.4 - Direct and Inverse Variations (ExC)
504,1561,1,Class-8,Mathematics,10.6 - Direct and Inverse Variations (ExE)
505,1562,1,Class-8,Mathematics,3.3 - Squares and Square Roots (ExB)
506,1563,1,Class-8,Mathematics,3.4 - Squares and Square Roots (ExC)
507,1564,1,Class-8,Mathematics,3.2 - Squares and Square Roots (ExA)
508,1565,1,Class-8,Mathematics,"8.2 - Profit, Loss and Discount (ExA)"
509,1566,1,Class-8,Mathematics,"8.4 - Profit, Loss and Discount (ExC)"
510,1567,1,Class-8,Mathematics,"8.7 - Profit, Loss and Discount (ExF)"
511,1568,1,Class-8,Mathematics,"8.3 - Profit, Loss and Discount (ExB)"
512,1569,1,Class-8,Mathematics,"8.6 - Profit, Loss and Discount (ExE)"
513,1570,1,Class-8,Mathematics,"8.5 - Profit, Loss and Discount (ExD)"
514,1571,1,Class-8,Mathematics,7.3 - Percent and Percentage (ExB)
515,1572,1,Class-8,Mathematics,7.2 - Percent and Percentage (ExA)
516,1573,1,Class-8,Mathematics,7.4 - Percent and Percentage (ExC)
517,1574,1,Class-8,Mathematics,20.5 - Area of Trapezium and Polygon (ExD)
518,1575,1,Class-8,Mathematics,20.4 - Area of Trapezium and Polygon (ExC)
519,1576,1,Class-8,Mathematics,20.3 - Area of Trapezium and Polygon (ExB)
520,1577,1,Class-8,Mathematics,20.2 - Area of Trapezium and Polygon (ExA)
521,1578,1,Class-8,Mathematics,19.2 - 3D in 2D (ExA)
522,1579,1,Class-8,Mathematics,16.4 - Understanding Shapes (ExC)
523,1580,1,Class-8,Mathematics,16.2 - Understanding Shapes (ExA)
524,1581,1,Class-8,Mathematics,16.3 - Understanding Shapes (ExB)
525,1582,1,Class-8,Mathematics,"21.5 - Surface Area, Volume and Capacity (ExD)"
526,1583,1,Class-8,Mathematics,"21.6 - Surface Area, Volume and Capacity (ExE)"
527,1584,1,Class-8,Mathematics,"21.3 - Surface Area, Volume and Capacity (ExB)"
528,1585,1,Class-8,Mathematics,"21.2 - Surface Area, Volume and Capacity (ExA)"
529,1586,1,Class-8,Mathematics,"21.4 - Surface Area, Volume and Capacity (ExC)"
530,1587,1,Class-8,Mathematics,11.5 - Algebraic Expressions (ExD)
531,1588,1,Class-8,Mathematics,11.6 - Algebraic Expressions (ExE)
532,1589,1,Class-8,Mathematics,11.2 - Algebraic Expressions (ExA)
533,1590,1,Class-8,Mathematics,11.4 - Algebraic Expressions (ExC)
534,1591,1,Class-8,Mathematics,11.3 - Algebraic Expressions (ExB)
535,1592,1,Class-8,Mathematics,15.2 - Linear Inequations (ExA)
536,1593,1,Class-8,Mathematics,15.3 - Linear Inequations (ExB)
537,1594,1,Class-8,Mathematics,18.5 - Constructions (ExD)
538,1595,1,Class-8,Mathematics,18.4 - Constructions (ExC)
539,1596,1,Class-8,Mathematics,18.3 - Constructions (ExB)
540,1597,1,Class-8,Mathematics,18.2 - Constructions (ExA)
541,1598,1,Class-8,Mathematics,13.4 - Factorisation (ExC)
542,1599,1,Class-8,Mathematics,13.2 - Factorisation (ExA)
543,1600,1,Class-8,Mathematics,13.3 - Factorisation (ExB)
544,1601,1,Class-8,Mathematics,13.5 - Factorisation (ExD)
545,1602,1,Class-8,Mathematics,13.6 - Factorisation (ExE)
546,1603,1,Class-8,Mathematics,13.7 - Factorisation (ExF)
547,1604,1,Class-8,Mathematics,14.3 - Linear Equation in one Variable (ExB)
548,1605,1,Class-8,Mathematics,14.4 - Linear Equation in one Variable (ExC)
549,1606,1,Class-8,Mathematics,14.2 - Linear Equation in one Variable (ExA)
550,1607,1,Class-8,Mathematics,22.3 - Data Handling (ExB)
551,1608,1,Class-8,Mathematics,22.2 - Data Handling (ExA)
552,1609,1,Class-8,Mathematics,17.2 - Quadrilaterals (ExA)
553,1610,1,Class-8,Mathematics,23.2 - Probability (ExA)
554,1611,1,Class-8,Mathematics,6.5 - Sets (ExD)
555,1612,1,Class-8,Mathematics,6.2 - Sets (ExA)
556,1613,1,Class-8,Mathematics,6.3 - Sets (ExB)
557,1614,1,Class-8,Mathematics,6.4 - Sets (ExC)
558,1615,1,Class-8,Mathematics,6.6 - Sets (ExE)
559,1616,1,Class-8,Mathematics,12.5 - Identities (ExD)
560,1617,1,Class-8,Mathematics,12.4 - Identities (ExC)
561,1618,1,Class-8,Mathematics,12.3 - Identities (ExB)
562,1619,1,Class-8,Mathematics,12.2 - Identities (ExA)
563,1620,0,Class-8,Chemistry,3.2 - Chemical Compounds
564,1621,0,Class-8,Biology,1.1 - Transport in Plants (qa)
565,1622,0,Class-8,Hindi,3.2 - Kavi Ka Chunav (wm-he)
566,1623,0,Class-8,Geography,6.1 - Asia - The Largest Continent (qa)
567,1624,0,Class-8,English Grammar,18.1 - punctuation (qa)
568,1625,0,Class-8,Hindi,3.3 - Kavi Ka Chunav (wm)
569,1626,0,Class-8,Physics,5.1 - Light Energy (qa)
570,1627,0,Class-8,English,4.1 - The Thief (qa)
571,1628,0,Class-8,History,1.1 - A Period of Transition (qa)
572,1629,0,Class-8,Geography,12.1 - Map pointing - Africa
573,1630,0,Class-8,Geography,12.2 - Map pointing - Australia
574,1631,0,Class-8,Physics,5.2 - Light Energy - Spherical Mirrors (qa)
575,1632,0,Class-8,Civics,15.1 - Central Govt - Legislature and Executive (qa)
576,1633,0,Class-8,Hindi,5.1 - Yamlok mein Party (qa)
577,1634,0,Class-8,Hindi,3.1 - Kavi Ka Chunav (qa)
578,1635,0,Class-8,Chemistry,2.1 - Physical and Chemical Changes (qa)
579,1636,0,Class-8,Geography,6.2 - Asia - The Largest Continent (map)
580,1637,0,Class-8,Chemistry,4.1 - Atomic Structure (qa)
581,1639,0,Class-8,English,9.1 - My Lost Dollar (qa)
582,1640,0,Class-8,English Grammar,3.1 - Pronouns (qa)
583,1641,0,Class-8,English Grammar,3.2 - Pronouns (types)
584,1642,0,Class-8,Chemistry,4.2 - Atomic Structure (elements)
585,1643,0,Class-8,Mathematics,3.5 - Squares and Square Roots (practice)
586,1644,0,Class-8,Geography,7.1 - Asia - Climate and Vegetation (qa)
587,1646,0,Class-8,Chemistry,4.3 - Atomic Structure (radicals)
588,1647,0,Class-8,History,2.2 - Growth of Nationalism (French Rev)
589,1648,0,Class-8,History,2.1 - Growth of Nationalism (American Rev)
590,1649,0,Class-8,Biology,2.2 - Reproduction in Plants (sexual)
591,1650,0,Class-8,Biology,2.1 - Reproduction in Plants (asexual)
592,1651,0,Class-8,English,"15.2 - Poem - O Captain, My Captain (lines)"
593,1652,0,Class-8,Mathematics,4.4 - Cubes and Cube Roots (practice)
594,1653,0,Class-8,Mathematics,4.1 - Cubes and Cube Roots (qa)
595,1654,0,Class-8,Mathematics,3.1 - Squares and Square Roots (qa)
596,1655,0,Class-8,English,"15.1 - Poem - O Captain, My Captain (qa)"
597,1656,1,Class-8,Chemistry,5.2 - Balancing Chemical Equations (ex)
598,1657,0,Class-8,Hindi,20.2 - Grammar - Vilom
599,1658,0,Class-8,Hindi,20.6 - Grammar - Muhavare
600,1659,0,Class-8,Hindi,20.3 - Grammar - Bhavvachak Sangya
601,1660,0,Class-8,Hindi,20.5 - Grammar - Paryayvachi
602,1661,0,Class-8,Hindi,20.4 - Grammar - Tatsam Tadbhav
603,1662,0,Class-8,Rapid Reader,6.1 - The Tempest (qa)
604,1663,0,Class-8,English Grammar,3.3 - Pronouns (ex)
605,1664,0,Class-8,Mathematics,6.1 - Sets (qa)
606,1665,0,Class-8,English Grammar,6.1 - Determiners (qa)
607,1666,0,Class-8,English Grammar,15.1 - Prepositions (qa)
608,1667,0,Class-8,English,19.1 - The Adventures of the Speckled Band (qa)
609,1668,0,Class-8,Biology,3.1 - Reproduction in Humans (qa)
610,1669,0,Class-8,Physics,4.1 - Energy (qa)
611,1670,1,Class-8,Physics,4.2 - Energy (ex)
612,1671,0,Class-8,History,5.1 - India in the 18th Century (qa)
613,1672,0,Class-8,Chemistry,5.1 - Language of Chemistry (qa)
614,1673,0,Class-8,Hindi,8.1 - Neelu (qa)
615,1674,0,Class-8,Hindi,8.2 - Neelu (wm)
616,1675,0,Class-8,English,1.1 - Adrift at Sea (qa)
617,1676,0,Class-8,English,1.2 - Adrift at Sea (wm)
618,1677,0,Class-8,Biology,5.1 - Endocrine System (qa)
619,1678,0,Class-8,History,5.3 - India in the 18th Century (characters)
620,1679,0,Class-8,History,5.2 - India in the 18th Century (dates)
621,1680,0,Class-8,Hindi,21.2 - Grammar - Vilom
622,1681,0,Class-8,Hindi,21.6 - Grammar - Muhavare
623,1682,0,Class-8,Hindi,21.3 - Grammar - Bhavvachak Sangya
624,1683,0,Class-8,Hindi,21.5 - Grammar - Paryayvachi
625,1684,0,Class-8,Hindi,21.4 - Grammar - Tatsam Tadbhav
626,1685,0,Class-8,History,6.1 - From Traders to Rulers (qa)
627,1686,0,Class-8,English,3.2 - The Vulture and Great Spirit (fib)
628,1687,0,Class-8,Geography,5.1 - Natural and Man-made Disasters (qa)
629,1688,0,Class-8,History,7.1 - British Conquest of India - I (qa)
630,1689,0,Class-8,Physics,3.1 - Force and Pressure (qa)
631,1690,0,Class-8,Geography,1.1 - Representation of Geographical Features (qa)
632,1691,0,Class-8,English,7.1 - Poem - Govinda's Disciple (qa)
633,1692,1,Class-8,Physics,3.2 - Force and Pressure (ex)
634,1693,0,Class-8,Civics,16.1 - The Judiciary (qa)
635,1694,0,Class-8,Hindi,9.1 - Riste Kamaiye (qa)
636,1695,0,Class-8,Biology,4.1 - Ecosystem (qa)
637,1696,0,Class-8,Chemistry,6.1 - Chemical Reactions (qa)
638,1697,0,Class-8,Chemistry,6.2 - Chemical Reactions (eq)
639,1698,0,Class-8,History,11.1 - Great Uprising of 1857 (qa)
640,1699,0,Class-8,English,14.1 - The Lottery Ticket (qa)
641,1700,0,Class-8,Biology,6.1 - Circulatory System (qa)
642,1701,0,Class-8,Hindi,7.1 - Bharat Ke Laal (qa)
643,1702,0,Class-8,Physics,7.1 - Sound (qa)
644,1703,0,Class-8,Geography,8.1 - India - Geographic Features (qa)
645,1704,0,Class-8,Geography,8.2 - India - Capitals (qa)
646,1705,0,Class-8,Mathematics,12.1 - Identities (qa)
647,1706,0,Class-8,English,22.1 - Poem - The Louse and the Mosquito (qa)
648,1707,0,Class-8,English,22.0 - Poem - The Louse and the Mosquito (text)
649,1708,0,Class-8,English,22.2 - Poem - The Louse and the Mosquito (wm)
650,1709,0,Class-8,English,22.3 - Poem - The Louse and the Mosquito (grammar)
651,1710,0,Class-8,English,22.4 - Poem - The Louse and the Mosquito (lines)
652,1711,0,Class-8,History,12.1 - India's Struggle for Freedom (qa)
653,1712,0,Class-8,Hindi,12.1 - Anokha Atithi (qa)
654,1713,0,Class-8,Physics,6.1 - Heat Transfer (qa)
655,1714,0,Class-8,Chemistry,7.1 - Hydrogen (qa)
656,1715,0,Class-8,Biology,7.1 - Nervous System (qa)
657,1716,0,Class-8,History,13.1 - Mahatma Gandhi (qa)
658,1717,0,Class-8,English,18.1 - The Rogue (qa)
659,1718,0,Class-8,English,23.1 - The Wolves of Cernogratz (qa)
660,1719,0,Class-8,Hindi,13.1 - Kagaaz Ke Ek Hazaar Phool (qa)
661,1720,0,Class-8,Hindi,13.2 - Kagaaz Ke Ek Hazaar Phool (wm)
662,1721,0,Class-8,Chemistry,9.1 - Carbon and its Compounds (qa)
663,1722,0,Class-8,History,14.1 - Swarraj to Independence (qa)
664,1723,0,Class-8,Biology,8.1 - Diseases and First Aid (qa)
665,1724,0,Class-8,Physics,8.1 - Electricity (qa)
666,1725,0,Class-8,Hindi,22.3 - Grammar - Muhavare
667,1726,0,Class-8,Hindi,22.5 - Grammar - Tatsam Tadbhav
668,1727,0,Class-8,Hindi,22.2 - Grammar - Paryayvachi
669,1728,0,Class-8,Hindi,22.4 - Grammar - Bhavvachak Sangya
670,1729,0,Class-8,Hindi,22.1 - Grammar - Vilom
671,1730,0,Class-8,Hindi,2.1 - Vriksh Puraan (qa)
672,1731,0,Class-8,English,26.1 - The Footsteps Die Out Forever (qa)
673,1732,0,Class-8,Geography,9.1 - India - Climate (qa)
674,1733,0,Class-8,Hindi,15.1 - Antariksh Kendra (qa)
675,1734,0,Class-8,English,5.2 - Poem - The Statue (fib)
676,1735,0,Class-8,English,20.2 - Poem - All the World is a Stage (fib)
677,1736,0,Class-8,English,2.2 - Poem - Wild Swans at Coole (fib)
678,1737,0,Class-8,Biology,9.1 - Food Production (qa)
679,1738,0,Class-8,Chemistry,9.2 - Carbon Dioxide (qa)
680,1739,0,Class-8,Civics,17.1 - The United Nations (qa)
681,1740,0,Class-8,Chemistry,9.3 - Carbon Monoxide (qa)
682,1741,0,Class-8,Hindi,11.2 - Poem - Dharti Ki Pukaar (fib)
683,1742,0,Class-8,Hindi,11.1 - Poem - Dharti Ki Pukaar (qa)
684,1743,0,Class-8,Geography,10.1 - India - Natural Vegetation (qa)
685,1744,0,Class-9,Chemistry,1.2 - Chemical Compounds
686,1745,1,Class-9,Mathematics,1.4 - Rational and Irrational Numbers (ExC)
687,1746,1,Class-9,Mathematics,1.3 - Rational and Irrational Numbers (ExB)
688,1747,1,Class-9,Mathematics,1.6 - Rational and Irrational Numbers [Frank] (ExA)
689,1748,1,Class-9,Mathematics,1.7 - Rational and Irrational Numbers [Frank] (ExMisc)
690,1749,1,Class-9,Mathematics,1.5 - Rational and Irrational Numbers (ExMisc)
691,1750,1,Class-9,Mathematics,1.2 - Rational and Irrational Numbers (ExA)
692,1751,0,Class-9,History,1.1 - Harappan Civilization (qa)
693,1752,0,Class-9,Hindi,99.1 - Bhavvachak Sangya
694,1753,0,Class-9,Hindi,1.1 - बात अठन्नी की (qa)
695,1754,0,Class-9,English,21.1 - Bonku babu's friend (qa)
696,1755,0,Class-9,Physics,7.1 - Reflection of Light (qa)
697,1756,0,Class-9,Chemistry,1.1 - Language of Chemistry (qa)
698,1757,1,Class-9,Mathematics,2.2 - Compound Interest - I (ExExA)
699,1758,1,Class-9,Mathematics,2.3 - Compound Interest - I (ExExB)
700,1759,1,Class-9,Mathematics,2.4 - Compound Interest - I (ExExC)
701,1760,1,Class-9,Mathematics,2.5 - Compound Interest - I (ExMisc)
702,1761,0,Class-9,Chemistry,1.3 - Radicals
703,1762,0,Class-9,Biology,2.1 - Cell (qa)
704,1763,1,Class-9,Mathematics,3.3 - Compound Interest - II (ExB)
705,1764,1,Class-9,Mathematics,3.6 - Compound Interest - II (ExMisc)
706,1765,1,Class-9,Mathematics,3.10 - Compound Interest - II [Frank] (ExMisc)
707,1766,1,Class-9,Mathematics,3.7 - Compound Interest - II [Frank] (ExA)
708,1767,1,Class-9,Mathematics,3.5 - Compound Interest - II (ExD)
709,1768,1,Class-9,Mathematics,3.8 - Compound Interest - II [Frank] (ExB)
710,1769,1,Class-9,Mathematics,3.2 - Compound Interest - II (ExA)
711,1770,1,Class-9,Mathematics,3.4 - Compound Interest - II (ExC)
712,1771,1,Class-9,Mathematics,3.9 - Compound Interest - II [Frank] (ExC)
713,1772,1,Class-9,Chemistry,1.4 - Language of Chemistry (ExA)
714,1773,1,Class-9,Chemistry,1.5 - Language of Chemistry (ExF)
715,1774,1,Class-9,Physics,7.2 - Reflection of Light (ExA)
716,1775,1,Class-9,Physics,7.5 - Reflection of Light (ExEx)
717,1776,1,Class-9,Physics,7.3 - Reflection of Light (ExB)
718,1777,1,Class-9,Physics,7.4 - Reflection of Light (ExC)
719,1778,0,Class-9,Biology,4.1 - Flower (qa)
720,1779,0,Class-9,Biology,3.1 - Tissues (qa)
721,1780,0,Class-9,History,2.1 - Vedic Period (qa)
722,1781,0,Class-9,Chemistry,4.1 - Atomic Structure and Bonding (qa)
723,1782,0,Class-9,Biology,5.1 - Pollination and Fertilization (qa)
724,1783,0,Class-9,Computers,2.1 - Objects and Classes (qa)
725,1784,0,Class-9,Computers,1.1 - Intro to OOP (qa)
726,1785,0,Class-9,Hindi,11.1 - Poem - साखी (qa)
727,1786,0,Class-9,English,22.1 - Oliver asks for more (qa)
728,1787,0,Class-9,English,5.1 - Poem - The Nightmail (qa)
729,1788,0,Class-9,Geography,20.1 - Natural regions (qa)
730,1789,1,Class-9,Mathematics,4.8 - Expansions [Frank] (ExB)
731,1790,1,Class-9,Mathematics,4.10 - Expansions [Frank] (ExM)
732,1791,1,Class-9,Mathematics,4.5 - Expansions (ExD)
733,1792,1,Class-9,Mathematics,4.9 - Expansions [Frank] (ExC)
734,1793,1,Class-9,Mathematics,4.4 - Expansions (ExC)
735,1794,1,Class-9,Mathematics,4.3 - Expansions (ExB)
736,1795,1,Class-9,Mathematics,4.2 - Expansions (ExA)
737,1796,1,Class-9,Mathematics,4.7 - Expansions [Frank] (ExA)
738,1797,1,Class-9,Mathematics,4.6 - Expansions (ExM)
739,1798,0,Class-9,Civics,1.1 - Constutution (qa)
740,1799,0,Class-9,Computers,4.1 - Operators (qa)
741,1800,0,Class-9,Computers,3.1 - Values and Datatypes (qa)
742,1801,0,Class-9,Computers,1.2 - Intro to Java (qa)
743,1802,0,Class-9,Hindi,2.1 - काकी (qa)
744,1803,0,Class-9,Hindi,2.2 - काकी (wm)
745,1804,0,Class-9,Hindi,2.3 - काकी (wm2)
746,1805,0,Class-9,History,3.1 - Buddhism and Jainism (qa)
747,1806,0,Class-9,Chemistry,9.1 - Practical Work (qa)
748,1807,0,Class-9,Biology,6.1 - Seeds (qa)
749,1808,0,Class-9,Biology,7.1 - Respiration in plants (qa)
750,1809,0,Class-9,Physics,8.1 - Sound (qa)
751,1810,0,Class-9,Civics,4.1 - Elections (qa)
752,1811,0,Class-9,Hindi,12.1 - Poem - गिरिधर की कुंडलियां (qa)
753,1812,0,Class-9,English,2.1 - Poem - Skimbleshanks (qa)
754,1813,0,Class-9,Geography,13.1 - Insolation (qa)
755,1814,0,Class-9,Geography,12.1 - Atmosphere (qa)
756,1815,0,Class-9,Geography,11.1 - Hydrosphere (qa)
757,1816,0,Class-9,Geography,15.1 - Humidity (qa)
758,1817,0,Class-9,English,2.2 - Poem - Skimbleshanks (lines)
759,1818,0,Class-9,English,5.2 - Poem - The Nightmail (lines)
760,1819,0,Class-9,Geography,20.2 - Tropical Monsoon (qa)
761,1820,0,Class-9,Geography,20.3 - Mediterranean Region (qa)
762,1821,0,Class-9,History,3.3 - Buddhism (qa)
763,1822,0,Class-9,History,3.2 - Jainism (qa)
764,1823,0,Class-9,Geography,20.4 - Temperate Grasslands (qa)
765,1824,0,Class-9,Geography,20.6 - Tundra (qa)
766,1825,0,Class-9,Geography,20.5 - Taiga (qa)
767,1826,0,Class-9,Chemistry,5.1 - Periodic Table (qa)
768,1827,0,Class-9,Physics,2.1 - Motion (qa)
769,1828,0,Class-9,Computers,5.1 - Input (qa)
770,1829,1,Class-9,Mathematics,7.3 - Exponents (ExB)
771,1830,1,Class-9,Mathematics,7.2 - Exponents (ExA)
772,1831,1,Class-9,Mathematics,7.4 - Exponents (ExM)
773,1832,1,Class-9,Mathematics,7.6 - Exponents [Frank] (ExM)
774,1833,1,Class-9,Mathematics,7.5 - Exponents [Frank] (ExA)
775,1834,1,Class-9,Mathematics,5.8 - Factorisation [Frank] (ExA)
776,1835,1,Class-9,Mathematics,5.4 - Factorisation (ExC)
777,1836,1,Class-9,Mathematics,5.3 - Factorisation (ExB)
778,1837,1,Class-9,Mathematics,5.2 - Factorisation (ExA)
779,1838,1,Class-9,Mathematics,5.12 - Factorisation [Frank] (ExM)
780,1839,1,Class-9,Mathematics,5.7 - Factorisation (ExM)
781,1840,1,Class-9,Mathematics,5.10 - Factorisation [Frank] (ExC)
782,1841,1,Class-9,Mathematics,5.11 - Factorisation [Frank] (ExD)
783,1842,1,Class-9,Mathematics,5.9 - Factorisation [Frank] (ExB)
784,1843,1,Class-9,Mathematics,5.5 - Factorisation (ExD)
785,1844,1,Class-9,Mathematics,5.6 - Factorisation (ExE)
786,1845,1,Class-9,Physics,2.3 - Motion (ExB)
787,1846,1,Class-9,Physics,2.2 - Motion (ExA)
788,1847,1,Class-9,Physics,2.5 - Motion (ExEx)
789,1848,1,Class-9,Physics,2.4 - Motion (ExC)
790,1849,1,Class-9,Physics,8.3 - Sound (ExEx)
791,1850,1,Class-9,Physics,8.2 - Sound (ExA)
792,1851,0,Class-9,History,4.1 - Mauryan Empire (qa)
793,1852,0,Class-9,Chemistry,7.1 - Gas Laws (qa)
794,1853,0,Class-9,Biology,14.1 - Respiratory system (qa)
795,1854,0,Class-9,Computers,6.1 - Math Library (qa)
796,1855,0,Class-9,Hindi,3.1 - महायज्ञ का पुरस्कार (qa)
797,1856,0,Class-9,English,23.1 - Model millionare (qa)
798,1857,0,Class-9,English,3.1 - Poem - I remember (qa)
799,1858,0,Class-9,Geography,1.1 - Earth as a planet (qa)
800,1859,0,Class-9,Geography,4.1 - Earth structure (qa)
801,1860,0,Class-9,History,6.1 - Age of Guptas (qa)
802,1861,0,Class-9,Biology,8.1 - Five Kingdom Classification (qa)
803,1862,0,Class-9,Physics,3.1 - Laws of Motion (qa)
804,1863,0,Class-9,English,24.1 - The homecoming (qa)
805,1864,0,Class-9,History,7.1 - Cholas (qa)
806,1865,0,Class-9,Computers,7.1 - Conditionals (qa)
807,1866,0,Class-9,Hindi,13.1 - Poem - स्वर्ग बना सकते हैं (qa)
808,1867,0,Class-9,Hindi,4.1 - नेताजी का चश्मा (qa)
809,1868,0,Class-9,Geography,2.1 - Lat - Long (qa)
810,1869,0,Class-9,Physics,3.2 - Laws of Motion-1st Law (qa)
811,1870,1,Class-9,Mathematics,6.6 - Simultaneous Equations [Frank] (ExA)
812,1871,1,Class-9,Mathematics,6.3 - Simultaneous Equations (ExB)
813,1872,1,Class-9,Mathematics,6.2 - Simultaneous Equations (ExA)
814,1873,1,Class-9,Mathematics,6.4 - Simultaneous Equations (ExC)
815,1874,1,Class-9,Mathematics,6.8 - Simultaneous Equations [Frank] (ExM)
816,1875,1,Class-9,Mathematics,6.5 - Simultaneous Equations (ExM)
817,1876,1,Class-9,Mathematics,6.7 - Simultaneous Equations [Frank] (ExB)
818,1877,0,Class-9,Mathematics,22.1 - Trigonometry Ratios - I (qa)
819,1878,0,Class-9,Physics,3.3 - Laws of Motion-2nd Law (qa)
820,1879,0,Class-9,History,8.1 - Delhi Sultanate (qa)
821,1880,0,Class-9,History,9.1 - Mughal Empire (qa)
822,1881,0,Class-9,Chemistry,2.1 - Chemical Reactions (qa)
823,1882,0,Class-9,Biology,9.1 - Bacteria (qa)
824,1883,0,Class-9,Physics,4.1 - Pressure in Fluids (qa)
825,1884,0,Class-9,English,4.1 - Poem - A doctor's journal (qa)
826,1885,0,Class-9,Geography,3.1 - Rot - Rev (qa)
827,1886,0,Class-9,Physics,3.4 - Laws of Motion-3rd Law (qa)
828,1887,0,Class-9,Chemistry,3.1 - Water (qa)
829,1888,0,Class-9,Physics,3.5 - Laws of Motion-Grav (qa)
830,1889,0,Class-9,Civics,2.1 - Features of Constitution - I (qa)
831,1890,0,Class-9,English,1.1 - Poem - A work of Artifice (qa)
832,1891,1,Class-9,Mathematics,23.7 - Trigonometry Ratios - 2 [Frank] (ExB)
833,1892,1,Class-9,Mathematics,23.3 - Trigonometry Ratios - 2 (ExB)
834,1893,1,Class-9,Mathematics,23.6 - Trigonometry Ratios - 2 [Frank] (ExA)
835,1894,1,Class-9,Mathematics,23.8 - Trigonometry Ratios - 2 [Frank] (ExC)
836,1895,1,Class-9,Mathematics,23.9 - Trigonometry Ratios - 2 [Frank] (ExM)
837,1896,1,Class-9,Mathematics,23.2 - Trigonometry Ratios - 2 (ExA)
838,1897,1,Class-9,Mathematics,23.5 - Trigonometry Ratios - 2 (ExM)
839,1898,1,Class-9,Mathematics,23.4 - Trigonometry Ratios - 2 (ExC)
840,1899,0,Class-9,Biology,10.1 - Nutrition (qa)
841,1900,0,Class-9,Physics,5.1 - Upthrust in Fluids - A(qa)
842,1901,0,Class-9,English,25.1 - Boy who broke the bank (qa)
843,1902,0,Class-9,Geography,5.1 - Landforms (qa)
844,1903,0,Class-9,Chemistry,3.3 - Hard-Soft Water (qa)
845,1904,0,Class-9,Chemistry,3.2 - Solution (qa)
846,1905,0,Class-9,Civics,3.1 - Features of Constitution - II (qa)
847,1906,1,Class-9,Mathematics,17.6 - Circle [Frank] (ExB)
848,1907,1,Class-9,Mathematics,17.4 - Circle (ExM)
849,1908,1,Class-9,Mathematics,17.3 - Circle (ExB)
850,1909,1,Class-9,Mathematics,17.5 - Circle [Frank] (ExA)
851,1910,1,Class-9,Mathematics,17.7 - Circle [Frank] (ExM)
852,1911,1,Class-9,Mathematics,17.2 - Circle (ExA)
853,1912,1,Class-9,Mathematics,22.3 - Trigonometry Ratios - I (ExB)
854,1913,1,Class-9,Mathematics,22.4 - Trigonometry Ratios - I (ExM)
855,1914,1,Class-9,Mathematics,22.2 - Trigonometry Ratios - I (ExA)
856,1915,1,Class-9,Mathematics,24.5 - Solution of Right Triangles [Frank] (ExM)
857,1916,1,Class-9,Mathematics,24.3 - Solution of Right Triangles (ExM)
858,1917,1,Class-9,Mathematics,24.2 - Solution of Right Triangles (ExA)
859,1918,1,Class-9,Mathematics,24.4 - Solution of Right Triangles [Frank] (ExA)
860,1919,1,Class-9,Mathematics,13.3 - Pythagoras Theorem (ExB)
861,1920,1,Class-9,Mathematics,13.4 - Pythagoras Theorem (ExM)
862,1921,1,Class-9,Mathematics,13.6 - Pythagoras Theorem [Frank] (ExM)
863,1922,1,Class-9,Mathematics,13.5 - Pythagoras Theorem [Frank] (ExA)
864,1923,1,Class-9,Mathematics,13.2 - Pythagoras Theorem (ExA)
865,1924,1,Class-9,Mathematics,14.4 - Rectilinear Figures (ExC)
866,1925,1,Class-9,Mathematics,14.3 - Rectilinear Figures (ExB)
867,1926,1,Class-9,Mathematics,14.5 - Rectilinear Figures (ExM)
868,1927,1,Class-9,Mathematics,14.6 - Rectilinear Figures [Frank] (ExA)
869,1928,1,Class-9,Mathematics,14.2 - Rectilinear Figures (ExA)
870,1929,1,Class-9,Mathematics,25.2 - Complementary Angles (ExA)
871,1930,1,Class-9,Mathematics,25.3 - Complementary Angles (ExM)
872,1931,1,Class-9,Mathematics,9.6 - Triangles [Frank] (ExB)
873,1932,1,Class-9,Mathematics,9.4 - Triangles (ExM)
874,1933,1,Class-9,Mathematics,9.3 - Triangles (ExB)
875,1934,1,Class-9,Mathematics,9.7 - Triangles [Frank] (ExM)
876,1935,1,Class-9,Mathematics,9.5 - Triangles [Frank] (ExA)
877,1936,1,Class-9,Mathematics,9.2 - Triangles (ExA)
878,1937,1,Class-9,Mathematics,14.8 - Rectilinear Figures [Frank] (ExM)
879,1938,1,Class-9,Mathematics,14.7 - Rectilinear Figures [Frank] (ExB)
880,1939,1,Class-9,Mathematics,10.4 - Isoscles Triangle (ExM)
881,1940,1,Class-9,Mathematics,10.3 - Isoscles Triangle (ExB)
882,1941,1,Class-9,Mathematics,10.2 - Isoscles Triangle (ExA)
883,1942,1,Class-9,Mathematics,12.2 - Midpoint Theorem (ExA)
884,1943,1,Class-9,Mathematics,12.6 - Midpoint Theorem [Frank] (ExM)
885,1944,1,Class-9,Mathematics,12.3 - Midpoint Theorem (ExB)
886,1945,1,Class-9,Mathematics,12.4 - Midpoint Theorem (ExM)
887,1946,1,Class-9,Mathematics,12.5 - Midpoint Theorem [Frank] (ExA)
888,1947,1,Class-9,Mathematics,19.4 - Mean and Median (ExM)
889,1948,1,Class-9,Mathematics,19.3 - Mean and Median (ExB)
890,1949,1,Class-9,Mathematics,19.2 - Mean and Median (ExA)
891,1950,1,Class-9,Mathematics,18.6 - Statistics [Frank] (ExM)
892,1951,1,Class-9,Mathematics,18.5 - Statistics [Frank] (ExB)
893,1952,1,Class-9,Mathematics,18.3 - Statistics (ExM)
894,1953,1,Class-9,Mathematics,18.2 - Statistics (ExA)
895,1954,1,Class-9,Mathematics,18.4 - Statistics [Frank] (ExA)
896,1955,0,Class-9,Physics,5.2 - Upthrust in Fluids - B(qa)
897,1956,0,Class-9,Physics,5.3 - Upthrust in Fluids - C(qa)
898,1957,0,Class-9,Biology,8.2 - Five Kingdom Classification (mcq)
899,1958,1,Class-9,Chemistry,3.5 - Water (ExN)
900,1959,1,Class-9,Chemistry,3.4 - Water (ExE)
901,1960,1,Class-9,Mathematics,96.23 - Misc Questions 1 (Ex28)
902,1961,1,Class-9,Mathematics,96.3 - Misc Questions 1 (Ex03)
903,1962,1,Class-9,Mathematics,96.20 - Misc Questions 1 (Ex22)
904,1963,1,Class-9,Mathematics,96.11 - Misc Questions 1 (Ex12)
905,1964,1,Class-9,Mathematics,96.5 - Misc Questions 1 (Ex05)
906,1965,1,Class-9,Mathematics,96.10 - Misc Questions 1 (Ex11)
907,1966,1,Class-9,Mathematics,96.8 - Misc Questions 1 (Ex08)
908,1967,1,Class-9,Mathematics,96.2 - Misc Questions 1 (Ex02)
909,1968,1,Class-9,Mathematics,96.12 - Misc Questions 1 (Ex13)
910,1969,1,Class-9,Mathematics,96.13 - Misc Questions 1 (Ex14)
911,1970,1,Class-9,Mathematics,96.6 - Misc Questions 1 (Ex06)
912,1971,1,Class-9,Mathematics,96.21 - Misc Questions 1 (Ex26)
913,1972,1,Class-9,Mathematics,96.1 - Misc Questions 1 (Ex01)
914,1973,1,Class-9,Mathematics,96.16 - Misc Questions 1 (Ex18)
915,1974,1,Class-9,Mathematics,96.19 - Misc Questions 1 (Ex21)
916,1975,1,Class-9,Mathematics,96.15 - Misc Questions 1 (Ex17)
917,1976,1,Class-9,Mathematics,96.14 - Misc Questions 1 (Ex16)
918,1977,1,Class-9,Mathematics,96.17 - Misc Questions 1 (Ex19)
919,1978,1,Class-9,Mathematics,96.7 - Misc Questions 1 (Ex07)
920,1979,1,Class-9,Mathematics,96.18 - Misc Questions 1 (Ex20)
921,1980,1,Class-9,Mathematics,96.4 - Misc Questions 1 (Ex04)
922,1981,1,Class-9,Mathematics,96.22 - Misc Questions 1 (Ex27)
923,1982,1,Class-9,Mathematics,96.9 - Misc Questions 1 (Ex09)
924,1983,1,Class-9,Computers,7.2 - Conditionals (ExE)
925,1984,1,Class-9,Computers,7.3 - Conditionals (ExP)
926,1985,1,Class-9,Computers,7.4 - Conditionals (ExS)
927,1986,0,Class-9,History,10.1 - Composite Culture (qa)
928,1987,0,Class-9,History,11.1 - Renaissance (qa)
929,1988,0,Class-9,History,5.1 - Sangam Age (qa)
930,1989,0,Class-9,Chemistry,6.1 - Hydrogen (qa)
931,1990,0,Class-9,Julius Caesar,6.1 - Act - I (qa)
932,1991,0,Class-9,Biology,11.1 - Digestive system (qa)
933,1992,0,Class-9,Biology,18.1 - Health Organizations (qa)
934,1993,0,Class-9,Biology,19.1 - Waste Management (qa)
935,1994,0,Class-9,Biology,12.1 - Skeleton (qa)
936,1995,0,Class-9,Physics,6.1 - Heat and Energy - Concepts (qa)
937,1996,0,Class-9,Geography,8.1 - Earthquakes (qa)
938,1997,0,Class-9,Geography,6.1 - Rocks (qa)
939,1998,0,Class-9,Geography,7.1 - Volcanoes (qa)
940,1999,0,Class-9,Hindi,14.1 - Poem - Wah Janmbhumi Meri (qa)
941,2000,0,Class-9,Hindi,15.1 - Poem - Megh Aaye (qa)
942,2001,1,Class-9,Physics,3.8 - Laws of Motion (ExDN)
943,2002,1,Class-9,Physics,3.6 - Laws of Motion (ExCE)
944,2003,1,Class-9,Physics,3.7 - Laws of Motion (ExCN)
945,2004,1,Class-9,Physics,3.9 - Laws of Motion (ExEE)
946,2005,1,Class-9,Physics,3.10 - Laws of Motion (ExEN)
947,2006,1,Class-9,Physics,4.4 - Pressure in Fluids (ExBE)
948,2007,1,Class-9,Physics,4.2 - Pressure in Fluids (ExAE)
949,2008,1,Class-9,Physics,4.3 - Pressure in Fluids (ExAN)
950,2009,1,Class-9,Physics,4.5 - Pressure in Fluids (ExBN)
951,2010,1,Class-9,Physics,5.5 - Upthrust in Fluids (ExAN)
952,2011,1,Class-9,Physics,5.4 - Upthrust in Fluids (ExAE)
953,2012,1,Class-9,Physics,5.6 - Upthrust in Fluids (ExBE)
954,2013,1,Class-9,Physics,5.8 - Upthrust in Fluids (ExCE)
955,2014,1,Class-9,Physics,5.7 - Upthrust in Fluids (ExBN)
956,2015,1,Class-9,Physics,5.9 - Upthrust in Fluids (ExCN)
957,2016,0,Class-9,Biology,8.3 - Five Kingdom Classification (identify)
958,2017,0,Class-9,English,4.2 - Poem - A doctor's journal (fib)
959,2018,0,Class-9,English,1.2 - Poem - A work of Artifice (fib)
960,2019,0,Class-9,English,3.2 - Poem - I remember (fib)
961,2020,0,Class-9,Hindi,5.1 - अपना अपना भाग्य (qa)
962,2021,0,Class-9,Physics,6.4 - Heat and Energy - Greenhouse (qa)
963,2022,0,Class-9,Physics,6.3 - Heat and Energy - Sources (qa)
964,2023,0,Class-9,Physics,6.2 - Heat and Energy - Flow (qa)
965,2024,0,Class-9,English,4.0 - Poem - A doctor's journal (text)
966,2025,1,Class-9,Mathematics,27.3 - Graphical Solutions (ExB)
967,2026,1,Class-9,Mathematics,27.4 - Graphical Solutions (ExM)
968,2027,1,Class-9,Mathematics,27.2 - Graphical Solutions (ExA)
969,2028,1,Class-9,Mathematics,28.3 - Distance Formulae (ExM)
970,2029,1,Class-9,Mathematics,28.2 - Distance Formulae (ExA)
971,2030,1,Class-9,Mathematics,26.5 - Coordinate Geometry (ExM)
972,2031,1,Class-9,Mathematics,26.2 - Coordinate Geometry (ExA)
973,2032,1,Class-9,Mathematics,26.8 - Coordinate Geometry [Frank] (ExC)
974,2033,1,Class-9,Mathematics,26.7 - Coordinate Geometry [Frank] (ExB)
975,2034,1,Class-9,Mathematics,26.6 - Coordinate Geometry [Frank] (ExA)
976,2035,1,Class-9,Mathematics,26.4 - Coordinate Geometry (ExC)
977,2036,1,Class-9,Mathematics,26.9 - Coordinate Geometry [Frank] (ExM)
978,2037,1,Class-9,Mathematics,26.3 - Coordinate Geometry (ExB)
979,2038,0,Class-9,Chemistry,6.2 - Hydrogen (mcq)
980,2039,0,Class-9,Chemistry,2.2 - Chemical Reactions (equ)
981,2040,0,Class-9,Chemistry,9.2 - Practical Work (equ)
982,2041,0,Class-9,Biology,10.3 - Nutrition - Vitamins (mcq)
983,2042,0,Class-9,Biology,10.2 - Nutrition - Minerals (mcq)
984,2043,0,Class-9,English Grammar,1.1 - Time and Tense - I (qa)
985,2044,0,Class-9,Physics,9.3 - Efficient use of electricity (qa)
986,2045,0,Class-9,Physics,9.2 - PD and resistance (qa)
987,2046,0,Class-9,Biology,9.2 - Fungi (qa)
988,2047,0,Class-9,Physics,9.1 - Current Electricity (qa)
